Feature,Mean_Absolute_SHAP
V4,0.0014612761457990738
V11,0.00117149792370284
V14,0.001033730282770443
V12,0.0008186082369617534
V15,0.0007774325002767818
V13,0.0006566944792555733
V19,0.00039546999471490665
V22,0.0003442182873746413
V18,0.0003241144912079116
V24,0.00030778489011281475
Time,0.00024473157007496346
V16,0.00021047482512179198
V8,0.00019775395626113278
V9,0.00018328669984986768
V20,0.00014764237720012443
Amount,0.0001410314212371274
V26,0.00010246232779397027
V2,8.819080964312913e-05
V27,6.806261257885938e-05
V6,6.628126323297563e-05
V25,5.271125773622981e-05
V10,2.719685903564704e-05
V5,1.3893734496301934e-05
V21,1.2842543062175571e-05
V1,7.807886588014372e-06
V3,3.855496333872248e-06
V7,0.0
V17,0.0
V23,0.0
V28,0.0
