LIME_Rule,LIME_Weight,Original_Feature,Absolute_LIME
V4 > 0.65,0.010590620597235102,V4,0.010590620597235102
V16 <= -0.53,0.006195076711756858,V16,0.006195076711756858
Time > 0.81,0.005424029690824147,Time,0.005424029690824147
Amount > -0.04,-0.005183893642203756,Amount,0.005183893642203756
V13 <= -0.66,0.004982305935627198,V13,0.004982305935627198
V3 <= -0.40,0.004800213799275022,V3,0.004800213799275022
0.09 < V24 <= 0.66,-0.004546258524495785,V24,0.004546258524495785
-0.38 < V12 <= 0.15,-0.0038810009923076517,V12,0.0038810009923076517
0.09 < V25 <= 0.65,0.0031378252720163312,V25,0.0031378252720163312
-0.07 < V17 <= 0.43,0.0028640574229446716,V17,0.0028640574229446716
