Time,V1,V2,V3,V4,V5,V6,V7,V8,V9,V10,V11,V12,V13,V14,V15,V16,V17,V18,V19,V20,V21,V22,V23,V24,V25,V26,V27,V28,Amount
1.308774511440263,0.48213994654123765,-0.568101982946129,-0.40376208240974304,0.6581467517891395,-0.34798486030747433,-0.20399274326980116,0.2716246534447637,-0.062202057299928525,0.5952651223965508,-0.31198059150842317,-0.7974693067962548,0.056432035308358004,-1.0016516967643947,0.19893315372147097,-0.008086801166982132,-0.5491026457152656,0.3585761479564823,-1.0519765714741312,-0.2529229071680322,0.4258542231897955,-0.013682139998685379,-0.7798851817124558,-0.2628522816924489,0.13552607185664967,0.2470348967305981,0.4973730451979631,-0.18201286833279906,0.1660184567361385,0.7529151885827184
1.1408362588138923,-0.12129396302026836,0.533815331576587,0.7135933254256219,0.4658474943572749,0.2705117495814234,-0.015091667139243526,0.6988309158045211,0.050341185826981244,-0.8337940065090143,-0.17481569053332086,1.3705932956781726,0.8968349221631416,0.31393462020203083,0.43415435073022235,0.4727194089270899,-0.41149837262414213,-0.2183019859781668,0.16671980256332128,0.37850795159793776,0.09571074806508734,0.31352461322933395,0.9578045085133744,0.09052865534144357,0.3425321952708065,-1.07219527370358,-0.909148614645391,0.40600337124284225,0.43486225630988545,-0.1551797741709419
1.1343138527882597,-0.3425334908659049,0.7170980556424986,0.4734446080695533,-0.14245047331231167,-0.08348889264512634,-0.6622789864523853,0.299870413047899,0.3689057180615545,-0.7117455952672929,-0.3436907384733066,1.0580744132643622,0.8927297379694088,0.07730650716792996,0.6510947595634702,-0.11775038507469836,0.5166619503024652,-0.5020191817671616,0.2398798706161257,0.29196361276294985,-0.010295775125014867,-0.1065647731302242,-0.5432933890264617,0.16107701725982482,0.8498664847432605,-0.8021501023301292,0.030093919601596398,0.34324247892993953,0.11051042339204635,-0.3186497930029735
-0.6068396952476155,-0.31358386736343286,0.5514099001222493,0.5432140366479142,-0.9939558016609408,-0.14466252285957742,-0.6895385898103921,0.4834046984013969,-0.7275347264113221,-0.4039620280525693,1.9091804656631,-0.2422258306957794,-0.6886253481873128,0.7259703694819895,-1.1579949231953073,0.7220398440686494,0.48172317086203204,0.16548696915003394,-1.45626436070031,1.5941752747289522,0.6993675502528565,0.3456734383056261,1.4152075677080564,-0.1915127261517146,0.6965546621087553,-1.2978010211100173,-0.7273302223626343,-1.6736553114350559,-0.5284959150121028,-0.3530165132411494
0.007636724528573531,-2.9203542021237294,-4.129895561204294,1.552340350862561,0.8879354695874536,3.951303106539768,-3.2340789587552465,-3.1455145592637215,0.47734871604469886,-0.7153879049614635,0.2909228158894602,-0.5386178371378286,0.9304884058279164,1.2650026472878346,-0.3147425309304579,-0.12192034324699283,-2.165270580470461,0.2123587514120197,1.3221431879119787,-2.628674501893577,1.9961022018015857,0.7733100335106037,-0.016052615283679395,2.2514556334159432,0.9186694879286629,1.472222825981571,-0.6990981400593812,-0.4580009974240785,0.6765523485239399,0.2706406167447758
0.43471729387083247,0.5779867702632483,-0.19619609364165133,0.33489092792658204,2.0240297588092306,-0.12927725662155393,0.8638743944170842,-0.2592676844455114,0.18196767954631635,0.3460563595714285,0.24345025156142713,-1.5407676573103346,0.8056647213145226,1.0269274374318353,-1.0085963963867473,-1.6025997801635044,-0.16320217323905725,-0.007933354185975785,-0.7176485472378077,-0.9512646174876088,0.17515164801177036,0.21775253418001903,0.8876622948988818,-0.4423398881129461,-0.6007052744417581,1.041885335515143,0.46136904075613333,0.10213136738276407,0.13585231901760406,0.22080126914273074
1.0611423230049029,0.7673180113794335,0.14237919717473863,-0.24664731753284133,0.3183588429929414,-0.0031510167392115288,-0.3880231328627062,-0.019927346051261847,0.04083471838568118,-0.06924749578299905,-0.11824118051021175,1.6013664493190947,0.7136072580525034,-0.5446839931477397,0.03968668971026977,0.5419333191027788,0.4030195812808819,0.08952032182046737,-0.1726739611492844,-0.3932260689192875,-0.2597672323256193,-0.24039247939101382,-0.8013836470285544,0.345852043034696,0.259188432432373,-0.15421920692635444,0.14002327192698732,-0.04614062896103815,0.044290462151694805,-0.35670409273573245
-0.23802229905869604,-0.5789464874634727,0.18527213498735148,1.0336195515850126,1.237292094671094,0.795304216491647,-0.38635518935890606,0.18238104545992287,0.12276938405843944,-0.5955701259475645,0.2766424194641093,0.24956019516840783,0.3464903417078995,-0.9896035148062067,-0.04248588643310295,-2.5209754334087893,0.4704949363078499,-0.6597688377802233,0.19698041007834177,-1.081227016885632,-0.5562822402933598,0.14170201300669208,0.5998150796863706,-0.3969848518263534,0.9104625557505232,-0.6391866505650121,-0.37366513580178556,0.20418068474393586,0.2752098926315776,-0.27766823944461766
1.1878633543600496,-0.5187736294246913,0.0932715249121135,0.9714594514067751,-0.3865781562582989,0.6602759653266812,0.24302997809629673,0.3684614015948861,0.36714963799051437,-0.16413376081034045,-0.7959525562946651,0.7417848077971744,0.24752260760531955,-1.7164261852060858,0.33154854867048594,-1.0579130206129386,-0.5297305819482626,0.1953189906007769,-0.8634598743795051,-0.8025461742590689,-0.16483364119259497,-0.009765530124957253,-0.21037879145843572,-0.06862680288039145,-0.5221549536052035,0.29822623083944894,0.42248516454324514,-0.03760756108139186,0.12560795744435113,-0.20954305950345473
-0.11809772440252785,-0.5701383241587326,-0.1086303835597304,1.1566409701744123,-1.6275321465760533,-0.9448425388411802,-0.3968098121879494,0.8846938270243792,0.02633898866777223,1.2005090255964033,-1.7833795029242492,-0.7732508147734384,-0.09102929121387072,-0.5423127913626807,-0.20480629939505476,1.5121267467908175,0.416950264477573,-0.94890094658556,1.267938760814029,-0.8518522030745374,0.6429977641326343,0.6204501833369853,1.550376704320331,0.3140216700480927,0.5905846087947592,1.233591287220596,-1.4061115383105813,0.6843230787648354,0.4787428700071711,0.5998616314157975
1.3651193298801811,-0.0610097507180805,0.6275192496430708,0.3678218263481915,-0.20939594673027864,0.3389637902466107,-0.4490824316905813,0.5494228303166722,0.07261914786750728,-0.3956782760841859,-0.2888735521129563,0.7696975611303628,0.07978340144188274,-0.7263636903224876,-0.13527104089720268,0.12176044585703479,0.8111547029843349,-0.4026735587910921,0.7872457173942069,0.4297599824391664,0.04563723646357094,-0.29943249420865725,-0.9400506649402511,-0.03918620004586094,-0.1487277708565057,-0.696831146349195,0.10282789809479129,0.6047122160843446,0.24555259660243797,-0.3540049366108315
0.5497089564067743,0.668294209442504,0.0801068438765499,-0.1694011681656956,0.8711211763222853,-0.009065678503942033,-0.507042439655637,0.3520258645425966,-0.18359899734879637,-0.16492882583814825,-0.05303640047693166,0.09604483199553882,0.9051935107642191,0.9087579207520039,0.22477747561767977,0.9496591895346556,-0.24441275083227526,-0.19385554485760376,-1.0608419211973907,-1.0378528568656058,0.043063258098142876,-0.038741495088510595,-0.3315511412385082,0.10105871291513491,0.658685270881936,0.4521130146105991,-1.1783873683518096,0.04816251834597356,0.13135762974275256,0.029275233125108675
0.26716271218714593,0.9767625280957918,-0.4980118744188243,-0.6825476952353076,-1.1051797210818597,-0.6630907831442608,-1.1169361860887244,-0.2889725490566459,-0.39466598552263416,-1.8948208772476036,1.4563368482866157,-0.715011896320194,-1.014503015253081,0.0300533906174103,-0.0004008630716932924,0.12671685197304108,-0.8518500210016327,0.6963274341908527,-0.13527245209768593,-0.1318404977075528,-0.5174075491841824,-0.19399532145837317,-0.02696448698784825,-0.0829603452678357,0.630860926609977,1.2118350910858657,-0.22590398424103086,-0.02821371193184007,0.013170271238422569,-0.2691906082354216
-0.1512030457427132,0.8674091511903108,-1.0180552333964472,0.7456430058838771,-1.000580134269995,-1.6701981256295582,0.31485366216931154,-1.838278850117562,0.4231233114150341,-0.5143416758503047,1.3983176789428111,0.4425684734079305,-1.094075256069426,-2.089374442222634,-0.5199161938991218,-0.41223983509413376,-0.33661237232163044,0.876793760186417,1.0469907509492955,-0.5235898763435181,-0.7633676199116622,0.1419449686371363,1.277483082661936,0.12644054321956572,0.29614845222028985,-0.12887294154524462,-0.011388038036397747,0.24978325962926823,0.048746706620963066,-0.33765793472762834
0.8812006508859814,-0.9414851290538233,0.44541115261435194,1.0194512197327856,-1.6524952345922497,-0.5379593857012299,1.4294405433292559,-1.6893333934129364,-0.9342735158540992,-0.3665474042506329,-0.13459684038315917,-0.2586445588709885,-0.9896029339503247,-1.4061069004392017,-0.014030833337744693,1.8420299270358251,0.8955677514824595,1.4651699764301382,-2.524138407113681,-2.448871101538484,-0.8643440738999085,4.104685349705573,1.4574927574691845,0.30805679703781486,-1.7256571215498397,-0.06819738484142181,0.038582585329593175,0.912434795278163,0.2400394501042497,-0.36415528429179717
-1.0166550721690824,0.8434414824935196,0.1107563957317508,-0.5018412670554331,0.057596324850344036,0.31666105446813786,-0.07193531925026518,0.040817031255648985,-0.036670282973017,-0.06096491696063164,0.1143467241926464,0.1986006922320412,0.6679240999623096,0.4448110716631037,0.34270241943250423,0.23465216943173678,0.9506483173884215,-1.2622136649852265,0.5065944974781909,0.7734400285567103,-0.11172690616004764,-0.35132198685329236,-1.1605526540841553,0.020330068713824718,-1.4356480043794413,0.4784914966547003,0.2477399344956261,-0.09910341403128001,-0.018982066988426173,-0.34716200558995575
1.2173512068120689,-0.5470105911432965,0.32285876742987457,0.25969599622079736,1.0286401426133382,0.3922965135644278,-0.3464778285686409,-0.004848206931675772,0.47575083255856154,-0.21922878194150355,-0.2577709496677287,-1.0767972446082692,-0.007266989256852751,-0.8060104464642203,0.5175349976173438,0.10306056615763,-1.1931224879488216,0.8835253467500678,-0.5154688941973744,0.9000690244900054,0.18645486519194274,0.13563545429153165,0.3824518636411797,-0.0796826190765353,0.09741670484650021,-0.5251019004493134,-0.5145330839393221,0.7988668914618836,0.08443283531918247,-0.30876555930615296
-0.41193485636400756,0.49261109528155683,-0.46413471121315963,8.944488289899413e-05,0.8034053159966836,0.11638313178055014,1.5690749462229627,-0.4397271223557892,0.6095250585467482,0.7014957927191098,-0.2726357298674227,1.251701485277827,1.1540540035416869,-1.00000806001266,0.10718139196701812,-0.28708858425804107,-1.5904952968137764,1.090469669013804,-1.7988500568529446,-1.5562751795754015,-0.10330646809318586,0.3408124365022988,1.1934800734915507,-0.13655620180174932,-1.710925191085612,0.269031109011861,-0.41846663258539,0.23347552285077158,0.07064021401163835,0.2299251771705651
0.9615523083110009,0.9495441466856274,-0.6954590908925659,0.3439351422025595,-1.019533074811735,-1.1506647673404857,-0.17207512590600021,-1.1498282127296153,-0.08255937720886672,-1.0633588535178176,1.1773899402089107,-1.1185943160048595,0.06398012197124155,1.9685706818235627,-1.4143338271538168,-0.6121199239371675,-0.5053804896037792,0.5049651576235924,0.08686630599604551,0.07934690938267629,-0.38038055773661156,-0.3102226990492515,0.072464959080995,0.07041346106218829,0.07141459214499561,0.4919419600902777,-0.4164105146708743,0.22401287469274928,0.08556611521636129,-0.33381829009924807
-0.10357303871519487,-0.30436203825117564,0.2524231069721019,1.867750891775499,2.2464789710693704,-0.20450062100759395,1.1105905014721704,-0.18836927450068575,0.4331306293338587,-0.37308768610005916,0.33140088606764384,-0.2285863383300823,0.5475672533085767,-0.10767396048941036,-0.7985449155748672,-1.8635119344991518,-0.4059110741486727,0.322374495392236,0.8199960223135095,2.233464715707955,0.4162362274346526,0.0566593763659826,0.46865080281255955,-0.1276648292748315,0.02741444191161048,0.03783042193639458,0.5960289009193112,0.294168440172368,0.2831146972655912,-0.0759158231791312
