Feature,SHAP_Value,Absolute_SHAP
V11,-0.0010338243834393096,0.0010338243834393096
V14,-0.0008660582741814219,0.0008660582741814219
V12,-0.0008407851231830392,0.0008407851231830392
V13,0.000664301737482544,0.000664301737482544
Amount,-0.0005119839830462421,0.0005119839830462421
V22,0.00040132009088660655,0.00040132009088660655
V9,-0.00025378147737244806,0.00025378147737244806
V19,-0.00025070490021259796,0.00025070490021259796
V2,-0.0002471400665164838,0.0002471400665164838
V6,-0.00011846484836381507,0.00011846484836381507
V5,0.0,0.0
V4,0.0,0.0
V3,0.0,0.0
V1,0.0,0.0
V10,0.0,0.0
V8,0.0,0.0
V7,0.0,0.0
Time,0.0,0.0
V17,0.0,0.0
V18,0.0,0.0
V16,0.0,0.0
V15,0.0,0.0
V21,0.0,0.0
V20,0.0,0.0
V24,0.0,0.0
V23,0.0,0.0
V25,0.0,0.0
V26,0.0,0.0
V27,0.0,0.0
V28,0.0,0.0
